Workbook

Sheet Inputs
A1: INPUTS
A3: Total Diabetes Patients in Plan | B3: 100000
A4: Current SGLT2 Market Share | B4: 0.7
A5: Current DPP-4 Market Share | B5: 0.3
A7: Average Annual Cost - SGLT2 Patient | B7: 24129
A8: Average Annual Cost - DPP-4 Patient | B8: 23029
A9: Average Hospitalization Cost | B9: 15040
A10: Hospitalization Rate - SGLT2 | B10: 0.204
A11: Hospitalization Rate - DPP-4 | B11: 0.13

Sheet Market Share
A1: Month | B1: Base SGLT2 Share | C1: Conservative SGLT2 Share | D1: Optimistic SGLT2 Share
A2: 1 | B2: 0.7 | C2: 0.7 | D2: 0.7
A3: 2 | B3: 0.71 | C3: 0.705 | D3: 0.72
A4: 3 | B4: 0.72 | C4: 0.71 | D4: 0.74
A5: 4 | B5: 0.73 | C5: 0.715 | D5: 0.76
A6: 5 | B6: 0.74 | C6: 0.72 | D6: 0.78
A7: 6 | B7: 0.75 | C7: 0.725 | D7: 0.8
A8: 7 | B8: 0.76 | C8: 0.73 | D8: 0.82
A9: 8 | B9: 0.77 | C9: 0.735 | D9: 0.84
A10: 9 | B10: 0.78 | C10: 0.74 | D10: 0.86
A11: 10 | B11: 0.79 | C11: 0.745 | D11: 0.88
A12: 11 | B12: 0.8 | C12: 0.75 | D12: 0.9
A13: 12 | B13: 0.81 | C13: 0.755 | D13: 0.92

Sheet Budget Impact
A1: Month | B1: SGLT2 Patients (Base) | C1: DPP-4 Patients (Base) | D1: Total Cost (Base) | E1: Total Cost (Conservative) | F1: Total Cost (Optimistic)
A2: 1 | B2: =Inputs!$B$3*'Market Share'!B2 -> 70000 | C2: =Inputs!$B$3*(1-'Market Share'!B2) -> 30000 | D2: =(B2*Inputs!$B$7)+(C2*Inputs!$B$8) -> 2379900000 | E2: =(Inputs!$B$3*'Market Share'!C2*Inputs!$B$7)+(Inputs!$B$3*(1-'Market Share'!C2)*Inputs!$B$8) -> 2379900000 | F2: =(Inputs!$B$3*'Market Share'!D2*Inputs!$B$7)+(Inputs!$B$3*(1-'Market Share'!D2)*Inputs!$B$8) -> 2379900000
A3: 2 | B3: =Inputs!$B$3*'Market Share'!B3 -> 71000 | C3: =Inputs!$B$3*(1-'Market Share'!B3) -> 29000 | D3: =(B3*Inputs!$B$7)+(C3*Inputs!$B$8) -> 2381000000 | E3: =(Inputs!$B$3*'Market Share'!C3*Inputs!$B$7)+(Inputs!$B$3*(1-'Market Share'!C3)*Inputs!$B$8) -> 2380450000 | F3: =(Inputs!$B$3*'Market Share'!D3*Inputs!$B$7)+(Inputs!$B$3*(1-'Market Share'!D3)*Inputs!$B$8) -> 2382100000
A4: 3 | B4: =Inputs!$B$3*'Market Share'!B4 -> 72000 | C4: =Inputs!$B$3*(1-'Market Share'!B4) -> 28000 | D4: =(B4*Inputs!$B$7)+(C4*Inputs!$B$8) -> 2382100000 | E4: =(Inputs!$B$3*'Market Share'!C4*Inputs!$B$7)+(Inputs!$B$3*(1-'Market Share'!C4)*Inputs!$B$8) -> 2381000000 | F4: =(Inputs!$B$3*'Market Share'!D4*Inputs!$B$7)+(Inputs!$B$3*(1-'Market Share'!D4)*Inputs!$B$8) -> 2384300000
A5: 4 | B5: =Inputs!$B$3*'Market Share'!B5 -> 73000 | C5: =Inputs!$B$3*(1-'Market Share'!B5) -> 27000 | D5: =(B5*Inputs!$B$7)+(C5*Inputs!$B$8) -> 2383200000 | E5: =(Inputs!$B$3*'Market Share'!C5*Inputs!$B$7)+(Inputs!$B$3*(1-'Market Share'!C5)*Inputs!$B$8) -> 2381550000 | F5: =(Inputs!$B$3*'Market Share'!D5*Inputs!$B$7)+(Inputs!$B$3*(1-'Market Share'!D5)*Inputs!$B$8) -> 2386500000
A6: 5 | B6: =Inputs!$B$3*'Market Share'!B6 -> 74000 | C6: =Inputs!$B$3*(1-'Market Share'!B6) -> 26000 | D6: =(B6*Inputs!$B$7)+(C6*Inputs!$B$8) -> 2384300000 | E6: =(Inputs!$B$3*'Market Share'!C6*Inputs!$B$7)+(Inputs!$B$3*(1-'Market Share'!C6)*Inputs!$B$8) -> 2382100000 | F6: =(Inputs!$B$3*'Market Share'!D6*Inputs!$B$7)+(Inputs!$B$3*(1-'Market Share'!D6)*Inputs!$B$8) -> 2388700000
A7: 6 | B7: =Inputs!$B$3*'Market Share'!B7 -> 75000 | C7: =Inputs!$B$3*(1-'Market Share'!B7) -> 25000 | D7: =(B7*Inputs!$B$7)+(C7*Inputs!$B$8) -> 2385400000 | E7: =(Inputs!$B$3*'Market Share'!C7*Inputs!$B$7)+(Inputs!$B$3*(1-'Market Share'!C7)*Inputs!$B$8) -> 2382650000 | F7: =(Inputs!$B$3*'Market Share'!D7*Inputs!$B$7)+(Inputs!$B$3*(1-'Market Share'!D7)*Inputs!$B$8) -> 2390900000
A8: 7 | B8: =Inputs!$B$3*'Market Share'!B8 -> 76000 | C8: =Inputs!$B$3*(1-'Market Share'!B8) -> 24000 | D8: =(B8*Inputs!$B$7)+(C8*Inputs!$B$8) -> 2386500000 | E8: =(Inputs!$B$3*'Market Share'!C8*Inputs!$B$7)+(Inputs!$B$3*(1-'Market Share'!C8)*Inputs!$B$8) -> 2383200000 | F8: =(Inputs!$B$3*'Market Share'!D8*Inputs!$B$7)+(Inputs!$B$3*(1-'Market Share'!D8)*Inputs!$B$8) -> 2393100000
A9: 8 | B9: =Inputs!$B$3*'Market Share'!B9 -> 77000 | C9: =Inputs!$B$3*(1-'Market Share'!B9) -> 23000 | D9: =(B9*Inputs!$B$7)+(C9*Inputs!$B$8) -> 2387600000 | E9: =(Inputs!$B$3*'Market Share'!C9*Inputs!$B$7)+(Inputs!$B$3*(1-'Market Share'!C9)*Inputs!$B$8) -> 2383750000 | F9: =(Inputs!$B$3*'Market Share'!D9*Inputs!$B$7)+(Inputs!$B$3*(1-'Market Share'!D9)*Inputs!$B$8) -> 2395300000
A10: 9 | B10: =Inputs!$B$3*'Market Share'!B10 -> 78000 | C10: =Inputs!$B$3*(1-'Market Share'!B10) -> 22000 | D10: =(B10*Inputs!$B$7)+(C10*Inputs!$B$8) -> 2388700000 | E10: =(Inputs!$B$3*'Market Share'!C10*Inputs!$B$7)+(Inputs!$B$3*(1-'Market Share'!C10)*Inputs!$B$8) -> 2384300000 | F10: =(Inputs!$B$3*'Market Share'!D10*Inputs!$B$7)+(Inputs!$B$3*(1-'Market Share'!D10)*Inputs!$B$8) -> 2397500000
A11: 10 | B11: =Inputs!$B$3*'Market Share'!B11 -> 79000 | C11: =Inputs!$B$3*(1-'Market Share'!B11) -> 21000 | D11: =(B11*Inputs!$B$7)+(C11*Inputs!$B$8) -> 2389800000 | E11: =(Inputs!$B$3*'Market Share'!C11*Inputs!$B$7)+(Inputs!$B$3*(1-'Market Share'!C11)*Inputs!$B$8) -> 2384850000 | F11: =(Inputs!$B$3*'Market Share'!D11*Inputs!$B$7)+(Inputs!$B$3*(1-'Market Share'!D11)*Inputs!$B$8) -> 2399700000
A12: 11 | B12: =Inputs!$B$3*'Market Share'!B12 -> 80000 | C12: =Inputs!$B$3*(1-'Market Share'!B12) -> 20000 | D12: =(B12*Inputs!$B$7)+(C12*Inputs!$B$8) -> 2390900000 | E12: =(Inputs!$B$3*'Market Share'!C12*Inputs!$B$7)+(Inputs!$B$3*(1-'Market Share'!C12)*Inputs!$B$8) -> 2385400000 | F12: =(Inputs!$B$3*'Market Share'!D12*Inputs!$B$7)+(Inputs!$B$3*(1-'Market Share'!D12)*Inputs!$B$8) -> 2401900000
A13: 12 | B13: =Inputs!$B$3*'Market Share'!B13 -> 81000 | C13: =Inputs!$B$3*(1-'Market Share'!B13) -> 19000 | D13: =(B13*Inputs!$B$7)+(C13*Inputs!$B$8) -> 2392000000 | E13: =(Inputs!$B$3*'Market Share'!C13*Inputs!$B$7)+(Inputs!$B$3*(1-'Market Share'!C13)*Inputs!$B$8) -> 2385950000 | F13: =(Inputs!$B$3*'Market Share'!D13*Inputs!$B$7)+(Inputs!$B$3*(1-'Market Share'!D13)*Inputs!$B$8) -> 2404100000
A15: Total Annual Cost | D15: =SUM(D2:D13) -> 28631400000 | E15: =SUM(E2:E13) -> 28595100000 | F15: =SUM(F2:F13) -> 28704000000
A16: PMPM Cost | D16: =D15/(Inputs!$B$3*12) -> 23859.5 | E16: =E15/(Inputs!$B$3*12) -> 23829.25 | F16: =F15/(Inputs!$B$3*12) -> 23920

Sheet Sensitivity
A1: Sensitivity Analysis - SGLT2 Annual Cost Assumption
A3: Scenario | B3: SGLT2 Annual Cost | C3: Total Annual Cost | D3: vs Base Scenario
A4: Base | B4: =Inputs!$B$7 -> 24129 | C4: =(Inputs!$B$3*'Market Share'!$B$13*B4)+(Inputs!$B$3*(1-'Market Share'!$B$13)*Inputs!$B$8) -> 2392000000 | D4: 0
A5: 10% Lower Cost | B5: =Inputs!$B$7*0.9 -> 21716.1 | C5: =(Inputs!$B$3*'Market Share'!$B$13*B5)+(Inputs!$B$3*(1-'Market Share'!$B$13)*Inputs!$B$8) -> 2196555100 | D5: =C5-$C$4 -> -195444900
A6: 5% Lower Cost | B6: =Inputs!$B$7*0.95 -> 22922.55 | C6: =(Inputs!$B$3*'Market Share'!$B$13*B6)+(Inputs!$B$3*(1-'Market Share'!$B$13)*Inputs!$B$8) -> 2294277550 | D6: =C6-$C$4 -> -97722450
A7: 5% Higher Cost | B7: =Inputs!$B$7*1.05 -> 25335.45 | C7: =(Inputs!$B$3*'Market Share'!$B$13*B7)+(Inputs!$B$3*(1-'Market Share'!$B$13)*Inputs!$B$8) -> 2489722450 | D7: =C7-$C$4 -> 97722450
A8: 10% Higher Cost | B8: =Inputs!$B$7*1.1 -> 26541.9 | C8: =(Inputs!$B$3*'Market Share'!$B$13*B8)+(Inputs!$B$3*(1-'Market Share'!$B$13)*Inputs!$B$8) -> 2587444900 | D8: =C8-$C$4 -> 195444900
